{
  "C": 100.0,
  "epsilon": 0.04053466027722492,
  "gamma": 0.060072820977257746,
  "RMSE": 3.025659566132456
}