{
  "timestamp": "2026-02-25 15:54:44",
  "elapsed_seconds": 2.5,
  "dataset_size": 5000,
  "regression": {
    "Linear Regression": {
      "RMSE": 17.7267,
      "MAE": 14.4286,
      "MAPE": 47.79,
      "R2": 0.7252
    },
    "SVR": {
      "RMSE": 4.7332,
      "MAE": 3.1498,
      "MAPE": 9.16,
      "R2": 0.9804
    },
    "SVR-GWO": {
      "RMSE": 2.7141,
      "R2": 0.9936,
      "MAE": 0,
      "MAPE": 0
    }
  },
  "classification": {
    "SVM": {
      "accuracy": 0.7633,
      "precision": 0.793,
      "recall": 0.7633,
      "f1_score": 0.7652,
      "cv_mean": 0.7624,
      "cv_std": 0.0218
    },
    "Decision Tree": {
      "accuracy": 0.9613,
      "precision": 0.9613,
      "recall": 0.9613,
      "f1_score": 0.9613,
      "cv_mean": 0.958,
      "cv_std": 0.0077
    },
    "Random Forest": {
      "accuracy": 0.956,
      "precision": 0.9563,
      "recall": 0.956,
      "f1_score": 0.956,
      "cv_mean": 0.9618,
      "cv_std": 0.0061
    }
  },
  "gwo_params": {
    "C": 100.0,
    "epsilon": 0.04053466027722492,
    "gamma": 0.060072820977257746,
    "RMSE": 3.025659566132456
  }
}